Workbook

Sheet Geral
A1: Resumo Geral - Rodadas de Feedback AD
A2: Coordenação | B2: Total de Membros | C2: Reuniões Agendadas | D2: Reuniões Realizadas | E2: % Agendadas | F2: % Realizadas
A3: ACE | B3: 5 | C3: =COUNTIF(ACE!F3:F7,TRUE()) -> 0 | D3: =COUNTIF(ACE!G3:G7,TRUE()) -> 0 | E3: =IF(B3=0,0,C3/B3) -> 0 | F3: =IF(B3=0,0,D3/B3) -> 0
A4: CCE | B4: 5 | C4: =COUNTIF(CCE!F3:F7,TRUE()) -> 0 | D4: =COUNTIF(CCE!G3:G7,TRUE()) -> 0 | E4: =IF(B4=0,0,C4/B4) -> 0 | F4: =IF(B4=0,0,D4/B4) -> 0
A5: MNP | B5: 5 | C5: =COUNTIF(MNP!F3:F7,TRUE()) -> 0 | D5: =COUNTIF(MNP!G3:G7,TRUE()) -> 0 | E5: =IF(B5=0,0,C5/B5) -> 0 | F5: =IF(B5=0,0,D5/B5) -> 0
A6: PRO | B6: 5 | C6: =COUNTIF(PRO!F3:F7,TRUE()) -> 0 | D6: =COUNTIF(PRO!G3:G7,TRUE()) -> 0 | E6: =IF(B6=0,0,C6/B6) -> 0 | F6: =IF(B6=0,0,D6/B6) -> 0
A7: QAB | B7: 5 | C7: =COUNTIF(QAB!F3:F7,TRUE()) -> 0 | D7: =COUNTIF(QAB!G3:G7,TRUE()) -> 0 | E7: =IF(B7=0,0,C7/B7) -> 0 | F7: =IF(B7=0,0,D7/B7) -> 0
A8: FLUXO (Total) | B8: =SUM(B3:B7) -> 25 | C8: =SUM(C3:C7) -> 0 | D8: =SUM(D3:D7) -> 0 | E8: =IF(B8=0,0,C8/B8) -> 0 | F8: =IF(B8=0,0,D8/B8) -> 0

Sheet ACE
A1: Índice de Membros - ACE
A2: # | B2: Nome | C2: E-mail | D2: Função | E2: Link da Planilha Individual | F2: Reunião Agendada? | G2: Reunião Realizada? | H2: Observações
A3: 1 | B3: Membro 1 | D3: Consultor de Projetos | F3: FALSE | G3: FALSE
A4: 2 | B4: Membro 2 | D4: Consultor de Projetos | F4: FALSE | G4: FALSE
A5: 3 | B5: Membro 3 | D5: Consultor de Projetos | F5: FALSE | G5: FALSE
A6: 4 | B6: Membro 4 | D6: Gerente de Projetos | F6: FALSE | G6: FALSE
A7: 5 | B7: Membro 5 | D7: Gerente de Projetos | F7: FALSE | G7: FALSE

Sheet CCE
A1: Índice de Membros - CCE
A2: # | B2: Nome | C2: E-mail | D2: Função | E2: Link da Planilha Individual | F2: Reunião Agendada? | G2: Reunião Realizada? | H2: Observações
A3: 1 | B3: Membro 1 | D3: Consultor de Projetos | F3: FALSE | G3: FALSE
A4: 2 | B4: Membro 2 | D4: Consultor de Projetos | F4: FALSE | G4: FALSE
A5: 3 | B5: Membro 3 | D5: Consultor de Projetos | F5: FALSE | G5: FALSE
A6: 4 | B6: Membro 4 | D6: Gerente de Projetos | F6: FALSE | G6: FALSE
A7: 5 | B7: Membro 5 | D7: Gerente de Projetos | F7: FALSE | G7: FALSE

Sheet MNP
A1: Índice de Membros - MNP
A2: # | B2: Nome | C2: E-mail | D2: Função | E2: Link da Planilha Individual | F2: Reunião Agendada? | G2: Reunião Realizada? | H2: Observações
A3: 1 | B3: Membro 1 | D3: Consultor de Projetos | F3: FALSE | G3: FALSE
A4: 2 | B4: Membro 2 | D4: Consultor de Projetos | F4: FALSE | G4: FALSE
A5: 3 | B5: Membro 3 | D5: Consultor de Projetos | F5: FALSE | G5: FALSE
A6: 4 | B6: Membro 4 | D6: Gerente de Projetos | F6: FALSE | G6: FALSE
A7: 5 | B7: Membro 5 | D7: Gerente de Projetos | F7: FALSE | G7: FALSE

Sheet PRO
A1: Índice de Membros - PRO
A2: # | B2: Nome | C2: E-mail | D2: Função | E2: Link da Planilha Individual | F2: Reunião Agendada? | G2: Reunião Realizada? | H2: Observações
A3: 1 | B3: Membro 1 | D3: Consultor de Projetos | F3: FALSE | G3: FALSE
A4: 2 | B4: Membro 2 | D4: Consultor de Projetos | F4: FALSE | G4: FALSE
A5: 3 | B5: Membro 3 | D5: Consultor de Projetos | F5: FALSE | G5: FALSE
A6: 4 | B6: Membro 4 | D6: Gerente de Projetos | F6: FALSE | G6: FALSE
A7: 5 | B7: Membro 5 | D7: Gerente de Projetos | F7: FALSE | G7: FALSE

Sheet QAB
A1: Índice de Membros - QAB
A2: # | B2: Nome | C2: E-mail | D2: Função | E2: Link da Planilha Individual | F2: Reunião Agendada? | G2: Reunião Realizada? | H2: Observações
A3: 1 | B3: Membro 1 | D3: Consultor de Projetos | F3: FALSE | G3: FALSE
A4: 2 | B4: Membro 2 | D4: Consultor de Projetos | F4: FALSE | G4: FALSE
A5: 3 | B5: Membro 3 | D5: Consultor de Projetos | F5: FALSE | G5: FALSE
A6: 4 | B6: Membro 4 | D6: Gerente de Projetos | F6: FALSE | G6: FALSE
A7: 5 | B7: Membro 5 | D7: Gerente de Projetos | F7: FALSE | G7: FALSE
